id,first_name,last_name,email,date,city,age,purchase_amount
1,Мария,Васильева,мария.васильева@example.com,2023-12-08,Новосибирск,62,358.11
2,Елена,Смирнова,елена.смирнова@example.com,2023-11-19,Новосибирск,35,456.01
3,Елена,Сидоров,елена.сидоров@example.com,2023-02-02,Екатеринбург,55,520.23
4,Анна,Петрова,анна.петрова@example.com,2023-11-06,Казань,61,762.34
5,Елена,Иванов,елена.иванов@example.com,2023-01-18,Москва,20,536.77
6,Мария,Васильева,мария.васильева@example.com,2023-09-05,Санкт-Петербург,44,556.07
7,Иван,Петрова,иван.петрова@example.com,2023-10-09,Казань,19,373.17
8,Ольга,Кузнецов,ольга.кузнецов@example.com,2023-09-22,Новосибирск,57,899.66
9,Сергей,Кузнецов,сергей.кузнецов@example.com,2023-12-30,Екатеринбург,52,219.89
10,Алексей,Петрова,алексей.петрова@example.com,2023-06-10,Москва,32,543.21
11,Алексей,Смирнова,алексей.смирнова@example.com,2023-04-27,Санкт-Петербург,55,444.54
12,Сергей,Иванов,сергей.иванов@example.com,2023-05-05,Санкт-Петербург,56,754.19
13,Иван,Сидоров,иван.сидоров@example.com,2023-04-20,Санкт-Петербург,44,112.51
14,Ольга,Васильева,ольга.васильева@example.com,2023-02-05,Казань,48,584.39
15,Анна,Васильева,анна.васильева@example.com,2023-06-27,Москва,23,347.07
16,Иван,Смирнова,иван.смирнова@example.com,2023-08-09,Москва,55,802.95
17,Сергей,Смирнова,сергей.смирнова@example.com,2023-12-16,Санкт-Петербург,36,25.23
18,Анна,Смирнова,анна.смирнова@example.com,2023-09-02,Санкт-Петербург,62,655.98
19,Мария,Иванов,мария.иванов@example.com,2023-06-23,Екатеринбург,43,512.16
20,Иван,Иванов,иван.иванов@example.com,2023-09-20,Казань,18,913.13
21,Дмитрий,Смирнова,дмитрий.смирнова@example.com,2023-08-19,Москва,24,870.73
22,Дмитрий,Васильева,дмитрий.васильева@example.com,2023-02-09,Москва,47,450.69
23,Мария,Иванов,мария.иванов@example.com,2023-10-09,Казань,39,509.67
24,Дмитрий,Васильева,дмитрий.васильева@example.com,2023-01-01,Москва,19,353.39
25,Дмитрий,Кузнецов,дмитрий.кузнецов@example.com,2023-10-28,Новосибирск,38,511.05
26,Сергей,Иванов,сергей.иванов@example.com,2023-06-02,Москва,29,41.77
27,Иван,Смирнова,иван.смирнова@example.com,2023-08-21,Казань,43,183.02
28,Мария,Смирнова,мария.смирнова@example.com,2023-01-29,Екатеринбург,25,644.58
29,Мария,Смирнова,мария.смирнова@example.com,2023-05-06,Москва,32,233.39
30,Дмитрий,Васильева,дмитрий.васильева@example.com,2023-06-02,Санкт-Петербург,19,954.74
31,Мария,Сидоров,мария.сидоров@example.com,2023-08-08,Новосибирск,47,123.62
32,Елена,Сидоров,елена.сидоров@example.com,2023-03-07,Казань,47,752.06
33,Анна,Кузнецов,анна.кузнецов@example.com,2023-08-08,Москва,51,814.46
34,Сергей,Петрова,сергей.петрова@example.com,2023-02-11,Новосибирск,36,743.05
35,Анна,Смирнова,анна.смирнова@example.com,2023-03-23,Екатеринбург,55,310.33
36,Иван,Петрова,иван.петрова@example.com,2023-07-05,Казань,56,972.99
37,Сергей,Кузнецов,сергей.кузнецов@example.com,2023-03-22,Москва,59,585.19
38,Анна,Васильева,анна.васильева@example.com,2023-07-28,Санкт-Петербург,28,196.79
39,Иван,Петрова,иван.петрова@example.com,2023-09-20,Москва,53,988.31
40,Мария,Смирнова,мария.смирнова@example.com,2023-03-25,Казань,23,61.98
41,Дмитрий,Иванов,дмитрий.иванов@example.com,2023-03-06,Новосибирск,18,699.95
42,Иван,Смирнова,иван.смирнова@example.com,2023-12-14,Новосибирск,29,820.91
43,Сергей,Сидоров,сергей.сидоров@example.com,2023-10-05,Казань,31,527.97
44,Дмитрий,Васильева,дмитрий.васильева@example.com,2023-10-28,Екатеринбург,55,147.11
45,Мария,Иванов,мария.иванов@example.com,2023-03-13,Екатеринбург,52,815.21
46,Мария,Сидоров,мария.сидоров@example.com,2023-07-08,Екатеринбург,63,744.2
47,Дмитрий,Васильева,дмитрий.васильева@example.com,2023-04-27,Новосибирск,56,480.24
48,Анна,Петрова,анна.петрова@example.com,2023-09-07,Москва,34,781.6
49,Ольга,Смирнова,ольга.смирнова@example.com,2023-12-14,Казань,29,579.24
50,Иван,Иванов,иван.иванов@example.com,2023-05-17,Санкт-Петербург,39,539.59
51,Ольга,Иванов,ольга.иванов@example.com,2023-11-12,Москва,43,90.8
52,Алексей,Петрова,алексей.петрова@example.com,2023-08-04,Новосибирск,32,206.9
53,Алексей,Васильева,алексей.васильева@example.com,2023-11-21,Санкт-Петербург,22,552.56
54,Мария,Васильева,мария.васильева@example.com,2023-05-23,Москва,35,343.68
55,Анна,Петрова,анна.петрова@example.com,2023-03-16,Москва,29,212.98
56,Ольга,Иванов,ольга.иванов@example.com,2023-09-19,Екатеринбург,47,191.11
57,Мария,Кузнецов,мария.кузнецов@example.com,2023-09-23,Екатеринбург,18,31.04
58,Сергей,Иванов,сергей.иванов@example.com,2023-01-25,Казань,41,883.1
59,Иван,Сидоров,иван.сидоров@example.com,2023-06-24,Казань,61,240.47
60,Алексей,Петрова,алексей.петрова@example.com,2023-06-20,Екатеринбург,21,602.75
61,Мария,Сидоров,мария.сидоров@example.com,2023-08-13,Казань,23,933.88
62,Мария,Иванов,мария.иванов@example.com,2023-01-29,Екатеринбург,43,121.7
63,Сергей,Кузнецов,сергей.кузнецов@example.com,2023-08-24,Санкт-Петербург,63,997.92
64,Иван,Кузнецов,иван.кузнецов@example.com,2023-09-11,Санкт-Петербург,34,949.63
65,Мария,Иванов,мария.иванов@example.com,2023-08-23,Казань,27,262.34
66,Анна,Васильева,анна.васильева@example.com,2023-07-23,Москва,36,853.89
67,Сергей,Васильева,сергей.васильева@example.com,2023-11-27,Санкт-Петербург,35,257.75
68,Ольга,Васильева,ольга.васильева@example.com,2023-02-10,Казань,37,179.01
69,Елена,Сидоров,елена.сидоров@example.com,2023-04-05,Новосибирск,28,935.76
70,Иван,Петрова,иван.петрова@example.com,2023-07-08,Санкт-Петербург,47,667.63
71,Мария,Сидоров,мария.сидоров@example.com,2023-02-14,Екатеринбург,52,901.48
72,Сергей,Васильева,сергей.васильева@example.com,2023-11-21,Казань,23,259.64
73,Иван,Кузнецов,иван.кузнецов@example.com,2023-12-02,Новосибирск,20,960.96
74,Ольга,Смирнова,ольга.смирнова@example.com,2023-04-16,Санкт-Петербург,44,214.91
75,Ольга,Иванов,ольга.иванов@example.com,2023-05-12,Москва,52,129.85
76,Ольга,Кузнецов,ольга.кузнецов@example.com,2023-05-04,Екатеринбург,29,687.52
77,Елена,Смирнова,елена.смирнова@example.com,2023-02-01,Екатеринбург,59,57.31
78,Мария,Петрова,мария.петрова@example.com,2023-06-17,Екатеринбург,39,202.84
79,Елена,Петрова,елена.петрова@example.com,2023-02-21,Санкт-Петербург,47,237.41
80,Елена,Сидоров,елена.сидоров@example.com,2023-08-12,Екатеринбург,30,388.37
81,Дмитрий,Васильева,дмитрий.васильева@example.com,2023-11-12,Новосибирск,57,341.84
82,Сергей,Иванов,сергей.иванов@example.com,2023-09-28,Санкт-Петербург,24,529.73
83,Сергей,Смирнова,сергей.смирнова@example.com,2023-10-27,Москва,46,518.68
84,Мария,Иванов,мария.иванов@example.com,2023-04-29,Санкт-Петербург,18,547.87
85,Ольга,Петрова,ольга.петрова@example.com,2023-06-27,Москва,32,771.39
86,Ольга,Сидоров,ольга.сидоров@example.com,2023-04-12,Екатеринбург,19,947.82
87,Мария,Петрова,мария.петрова@example.com,2023-12-23,Новосибирск,27,867.49
88,Дмитрий,Петрова,дмитрий.петрова@example.com,2023-11-10,Екатеринбург,57,271.73
89,Мария,Сидоров,мария.сидоров@example.com,2023-05-16,Новосибирск,39,370.79
90,Ольга,Смирнова,ольга.смирнова@example.com,2023-04-10,Екатеринбург,33,367.56
91,Дмитрий,Петрова,дмитрий.петрова@example.com,2023-03-21,Новосибирск,19,280.26
92,Ольга,Смирнова,ольга.смирнова@example.com,2023-08-03,Санкт-Петербург,40,297.28
93,Иван,Сидоров,иван.сидоров@example.com,2023-08-23,Москва,47,799.95
94,Сергей,Иванов,сергей.иванов@example.com,2023-02-20,Новосибирск,33,915.88
95,Иван,Петрова,иван.петрова@example.com,2023-03-20,Москва,34,231.29
96,Дмитрий,Васильева,дмитрий.васильева@example.com,2023-05-07,Новосибирск,34,212.04
97,Иван,Сидоров,иван.сидоров@example.com,2023-06-26,Екатеринбург,29,129.98
98,Иван,Петрова,иван.петрова@example.com,2023-01-10,Казань,18,590.68
99,Алексей,Смирнова,алексей.смирнова@example.com,2023-06-09,Новосибирск,34,456.39
100,Алексей,Иванов,алексей.иванов@example.com,2023-02-16,Казань,36,722.82
101,Ольга,Иванов,ольга.иванов@example.com,2023-07-04,Санкт-Петербург,22,599.92
102,Иван,Смирнова,иван.смирнова@example.com,2023-06-28,Екатеринбург,63,209.9
103,Елена,Смирнова,елена.смирнова@example.com,2023-11-08,Москва,22,192.84
104,Алексей,Васильева,алексей.васильева@example.com,2023-12-19,Казань,63,532.13
105,Елена,Васильева,елена.васильева@example.com,2023-02-10,Санкт-Петербург,23,920.62
106,Анна,Смирнова,анна.смирнова@example.com,2023-10-18,Санкт-Петербург,62,573.07
107,Сергей,Васильева,сергей.васильева@example.com,2023-12-05,Новосибирск,43,967.61
108,Мария,Кузнецов,мария.кузнецов@example.com,2023-06-24,Москва,44,274.88
109,Анна,Петрова,анна.петрова@example.com,2023-09-18,Екатеринбург,34,750.87
110,Сергей,Смирнова,сергей.смирнова@example.com,2023-09-13,Санкт-Петербург,42,436.24
111,Ольга,Сидоров,ольга.сидоров@example.com,2023-10-05,Москва,62,571.25
112,Ольга,Васильева,ольга.васильева@example.com,2023-07-26,Казань,51,780.93
113,Сергей,Васильева,сергей.васильева@example.com,2023-08-22,Санкт-Петербург,19,849.41
114,Елена,Смирнова,елена.смирнова@example.com,2023-09-21,Санкт-Петербург,51,432.43
115,Дмитрий,Петрова,дмитрий.петрова@example.com,2023-03-06,Санкт-Петербург,46,400.36
116,Иван,Иванов,иван.иванов@example.com,2023-08-12,Новосибирск,45,187.26
117,Мария,Кузнецов,мария.кузнецов@example.com,2023-04-30,Санкт-Петербург,34,851.17
118,Ольга,Васильева,ольга.васильева@example.com,2023-01-11,Казань,30,733.35
119,Сергей,Сидоров,сергей.сидоров@example.com,2023-02-19,Санкт-Петербург,53,218.04
120,Анна,Кузнецов,анна.кузнецов@example.com,2023-11-13,Екатеринбург,63,269.57
121,Сергей,Васильева,сергей.васильева@example.com,2023-06-02,Новосибирск,21,374.83
122,Иван,Петрова,иван.петрова@example.com,2023-07-05,Санкт-Петербург,65,922.13
123,Елена,Сидоров,елена.сидоров@example.com,2023-06-15,Санкт-Петербург,43,207.73
124,Мария,Иванов,мария.иванов@example.com,2023-04-28,Москва,48,802.2
125,Мария,Смирнова,мария.смирнова@example.com,2023-01-01,Москва,53,752.06
126,Иван,Смирнова,иван.смирнова@example.com,2023-07-01,Екатеринбург,34,850.47
127,Дмитрий,Сидоров,дмитрий.сидоров@example.com,2023-01-22,Новосибирск,63,713.05
128,Сергей,Иванов,сергей.иванов@example.com,2023-06-19,Москва,65,248.14
129,Дмитрий,Иванов,дмитрий.иванов@example.com,2023-05-28,Новосибирск,37,128.54
130,Сергей,Смирнова,сергей.смирнова@example.com,2023-11-11,Казань,59,129.76
131,Анна,Сидоров,анна.сидоров@example.com,2023-08-16,Казань,38,132.99
132,Елена,Петрова,елена.петрова@example.com,2023-09-30,Москва,43,825.14
133,Алексей,Сидоров,алексей.сидоров@example.com,2023-03-31,Новосибирск,51,920.43
134,Дмитрий,Васильева,дмитрий.васильева@example.com,2023-08-05,Новосибирск,32,357.12
135,Алексей,Кузнецов,алексей.кузнецов@example.com,2023-03-17,Екатеринбург,41,484.35
136,Анна,Петрова,анна.петрова@example.com,2023-12-24,Санкт-Петербург,23,597.4
137,Анна,Васильева,анна.васильева@example.com,2023-06-17,Москва,30,834.91
138,Елена,Петрова,елена.петрова@example.com,2023-01-26,Санкт-Петербург,54,278.9
139,Мария,Смирнова,мария.смирнова@example.com,2023-10-24,Санкт-Петербург,23,457.58
140,Мария,Смирнова,мария.смирнова@example.com,2023-09-22,Екатеринбург,60,115.68
141,Алексей,Смирнова,алексей.смирнова@example.com,2023-03-30,Москва,49,84.74
142,Сергей,Смирнова,сергей.смирнова@example.com,2023-08-26,Новосибирск,65,587.8
143,Иван,Иванов,иван.иванов@example.com,2023-09-13,Москва,41,64.46
144,Мария,Иванов,мария.иванов@example.com,2023-11-13,Новосибирск,27,38.93
145,Анна,Кузнецов,анна.кузнецов@example.com,2023-09-03,Санкт-Петербург,36,976.13
146,Сергей,Васильева,сергей.васильева@example.com,2023-12-20,Екатеринбург,26,273.72
147,Мария,Смирнова,мария.смирнова@example.com,2023-08-02,Новосибирск,30,892.19
148,Алексей,Кузнецов,алексей.кузнецов@example.com,2023-08-04,Казань,28,663.98
149,Сергей,Васильева,сергей.васильева@example.com,2023-04-16,Санкт-Петербург,39,135.08
150,Елена,Кузнецов,елена.кузнецов@example.com,2023-08-04,Новосибирск,31,582.99
151,Анна,Петрова,анна.петрова@example.com,2023-12-05,Казань,57,454.53
152,Мария,Васильева,мария.васильева@example.com,2023-12-06,Москва,64,255.26
153,Иван,Кузнецов,иван.кузнецов@example.com,2023-01-27,Екатеринбург,49,731.48
154,Дмитрий,Сидоров,дмитрий.сидоров@example.com,2023-11-13,Москва,51,597.47
155,Иван,Кузнецов,иван.кузнецов@example.com,2023-07-01,Екатеринбург,55,579.67
156,Елена,Сидоров,елена.сидоров@example.com,2023-06-07,Санкт-Петербург,46,248.62
157,Елена,Сидоров,елена.сидоров@example.com,2023-05-21,Санкт-Петербург,51,462.97
158,Сергей,Кузнецов,сергей.кузнецов@example.com,2023-03-22,Екатеринбург,51,909.3
159,Алексей,Иванов,алексей.иванов@example.com,2023-07-29,Москва,22,667.01
160,Мария,Сидоров,мария.сидоров@example.com,2023-12-06,Санкт-Петербург,56,879.25
161,Мария,Васильева,мария.васильева@example.com,2023-10-28,Санкт-Петербург,35,80.45
162,Алексей,Смирнова,алексей.смирнова@example.com,2023-05-02,Санкт-Петербург,37,503.73
163,Мария,Петрова,мария.петрова@example.com,2023-03-15,Санкт-Петербург,37,343.24
164,Иван,Кузнецов,иван.кузнецов@example.com,2023-09-17,Новосибирск,56,980.78
165,Мария,Петрова,мария.петрова@example.com,2023-11-30,Москва,22,91.17
166,Елена,Сидоров,елена.сидоров@example.com,2023-03-31,Москва,33,832.04
167,Иван,Сидоров,иван.сидоров@example.com,2023-02-16,Екатеринбург,22,442.78
168,Ольга,Петрова,ольга.петрова@example.com,2023-11-27,Санкт-Петербург,19,59.48
169,Алексей,Кузнецов,алексей.кузнецов@example.com,2023-01-27,Москва,58,365.24
170,Анна,Васильева,анна.васильева@example.com,2023-08-16,Казань,45,671.81
171,Сергей,Васильева,сергей.васильева@example.com,2023-12-21,Москва,49,199.87
172,Анна,Иванов,анна.иванов@example.com,2023-05-16,Казань,41,96.25
173,Ольга,Петрова,ольга.петрова@example.com,2023-05-03,Санкт-Петербург,48,718.43
174,Ольга,Иванов,ольга.иванов@example.com,2023-02-06,Екатеринбург,36,25.4
175,Ольга,Смирнова,ольга.смирнова@example.com,2023-03-09,Москва,42,592.39
176,Сергей,Петрова,сергей.петрова@example.com,2023-04-12,Санкт-Петербург,34,76.15
177,Сергей,Сидоров,сергей.сидоров@example.com,2023-11-11,Казань,26,666.05
178,Сергей,Смирнова,сергей.смирнова@example.com,2023-02-16,Санкт-Петербург,18,354.49
179,Дмитрий,Сидоров,дмитрий.сидоров@example.com,2023-04-12,Санкт-Петербург,60,963.22
180,Мария,Иванов,мария.иванов@example.com,2023-01-12,Казань,38,489.42
181,Иван,Васильева,иван.васильева@example.com,2023-01-03,Санкт-Петербург,53,302.52
182,Елена,Васильева,елена.васильева@example.com,2023-04-30,Екатеринбург,30,489.38
183,Алексей,Смирнова,алексей.смирнова@example.com,2023-05-08,Новосибирск,49,574.95
184,Алексей,Смирнова,алексей.смирнова@example.com,2023-12-30,Новосибирск,26,136.36
185,Елена,Петрова,елена.петрова@example.com,2023-05-23,Новосибирск,64,598.05
186,Сергей,Иванов,сергей.иванов@example.com,2023-01-26,Москва,58,522.45
187,Ольга,Васильева,ольга.васильева@example.com,2023-03-23,Санкт-Петербург,50,722.58
188,Анна,Сидоров,анна.сидоров@example.com,2023-10-01,Казань,41,758.95
189,Елена,Кузнецов,елена.кузнецов@example.com,2023-07-24,Новосибирск,38,440.39
190,Алексей,Иванов,алексей.иванов@example.com,2023-12-03,Новосибирск,40,234.9
191,Иван,Смирнова,иван.смирнова@example.com,2023-05-11,Новосибирск,19,807.15
192,Дмитрий,Смирнова,дмитрий.смирнова@example.com,2023-02-22,Новосибирск,36,468.14
193,Алексей,Васильева,алексей.васильева@example.com,2023-09-02,Москва,33,693.44
194,Ольга,Смирнова,ольга.смирнова@example.com,2023-05-04,Екатеринбург,58,512.49
195,Сергей,Иванов,сергей.иванов@example.com,2023-02-22,Москва,31,688.68
196,Елена,Сидоров,елена.сидоров@example.com,2023-07-23,Санкт-Петербург,47,264.9
197,Дмитрий,Петрова,дмитрий.петрова@example.com,2023-05-02,Казань,58,603.11
198,Иван,Иванов,иван.иванов@example.com,2023-10-17,Санкт-Петербург,24,524.89
199,Анна,Петрова,анна.петрова@example.com,2023-07-17,Екатеринбург,62,334.83
200,Елена,Петрова,елена.петрова@example.com,2023-05-06,Санкт-Петербург,58,51.0
